{
  "bolusiob": 0.0005642618800001387, 
  "iob": 0.4499713208124998, 
  "activity": 0.029217032828282825
}