{
  "bolusiob": -0.00034454611999983347, 
  "iob": 0.36488413334750014, 
  "activity": 0.028539166666666664
}