{
  "bolusiob": 0, 
  "iob": 0.22878652095249982, 
  "activity": 0.02660445707070708
}