{
  "bolusiob": 0, 
  "iob": 0.10038575839749994, 
  "activity": 0.012966818181818184
}