{
  "bolusiob": 0, 
  "iob": 0.09030590329968757, 
  "activity": 0.011187642045454546
}