{
  "bolusiob": 0, 
  "iob": 0.06558945807968758, 
  "activity": 0.012453399621212122
}