{
  "bolusiob": 0, 
  "iob": 0.018064547362187433, 
  "activity": 0.011678664772727273
}